1,we should avoid resources with respect to  employees .
,we should afraid of resources than hiring new building .
, more resources save the money for future .
,brilliant employees can deal with stocks.
,getting employees is shit when we can't afford new building. 
,best employees will save the money for future.
,new building is amazing way to have quality stocks.
,new building admire new employees. 
,building make outstanding way to save money.
,money without resources is bullshit .
,I admonish put away money when we not have employees.
,it is acrimonious to have money in relation with building.
,
2,abandoned resources provide path to employees.
, I agonise on resources than new building.
,abilitities of resources save the money for future.
,new employees thrilled resources .
,new empolyees is shit over new building . 
,new empoloyees will absorbed money .
,hire new building will achieve on resources .
,hire new building will achieve more  on employees.
,new building provide amazing way to money.
,money for future is bullshit without having stocks.
,money without new employees is bullshit.
,money affected hiring new building .
,
3, resources is bullshit in respect to employees.
,stocks are acrimonious over building.
,stocks are amazing over money . 
,employees ability shouls be above than resources .
,employess can be anguish in new building .
,employee admire over money.
,I adore building than resources .
,I adore building than new employees .
,I amused to have building than money for future.
,we should admonish money for future than stocks.
 ,money in future admit employees.
,money is apathetic over new building .
,
4,resources are abandoned over employees .
,resources are abducted with comaprison to building .
,quality of stock is achieve without money .
,employees admire resources .
,employees accuse to work in new building .
,employees absolving way for future money .
,fabulous building with resources together can make way. 
,fabulous and outstanding building with employees together can make way. 
,new development of building achieve in making money for future .
,money will not admit  in making resources .
,money will aggravate with employees .
,money for new building can make afraid to investing .
